{
    "gaussian": {
        "mae_v3_mean": 3277.365529738047,
        "mae_v3_std": 1906.4329277580268,
        "mae_v4_mean": 2176.0977813437617,
        "mae_v4_std": 1470.7646618764034,
        "U": 3715097.0,
        "p_value": 9.824271882543599e-131,
        "significant": true
    },
    "ou": {
        "mae_v3_mean": 1242.7428501274746,
        "mae_v3_std": 237.57307973352624,
        "mae_v4_mean": 1291.0012182744833,
        "mae_v4_std": 257.09519460783537,
        "U": 1326476.0,
        "p_value": 0.9999999795175434,
        "significant": false
    }
}